{
    "home": {
        "juniors": {
            "juniors": 1.5173614129287698,
            "adults": 0.669117895685692,
            "seniors": 0.0358848834687858
        },
        "adults": {
            "juniors": 2.83675046501082,
            "adults": 2.0469843361751003,
            "seniors": 0.19928160672445103
        },
        "seniors": {
            "juniors": 0.931527748783903,
            "adults": 0.578917152098464,
            "seniors": 0.754849796243948
        }
    },
    "school": {
        "juniors": {
            "juniors": 4.77150206871282,
            "adults": 0.19935761847997305,
            "seniors": 0.00139148296709242
        },
        "adults": {
            "juniors": 1.81072935222074,
            "adults": 0.327269865595541,
            "seniors": 0.00751870394984988
        },
        "seniors": {
            "juniors": 0.0215077047359925,
            "adults": 0.0187335864737672,
            "seniors": 0.0219241174618229
        }
    },
    "work": {
        "juniors": {
            "juniors": 0.0854481215030556,
            "adults": 0.19178843900725898,
            "seniors": 1.3906268239965301e-05
        },
        "adults": {
            "juniors": 0.415062190268272,
            "adults": 5.2828573492897,
            "seniors": 9.407171460671519e-05
        },
        "seniors": {
            "juniors": 1.74975230379665e-05,
            "adults": 0.000117896464748723,
            "seniors": 4.02747829330291e-05
        }
    },
    "other": {
        "juniors": {
            "juniors": 1.6132332417394502,
            "adults": 0.7818385908827429,
            "seniors": 0.23539496216591396
        },
        "adults": {
            "juniors": 1.10143478783223,
            "adults": 3.93564638905775,
            "seniors": 1.0072264927505699
        },
        "seniors": {
            "juniors": 0.154044354246587,
            "adults": 0.891339832606365,
            "seniors": 0.932160812398881
        }
    }
}